{
  "accuracy": 0.8693842807150288,
  "f1": 0.8291898577612863,
  "roc_auc": 0.9337273408750171,
  "train_size": 42292,
  "test_size": 10573,
  "total_rows_used": 52865
}