{
  "dataset_path": "C:\\Users\\joshu\\Desktop\\Fake News Detection Project !\\backend\\dataset.csv",
  "model_path": "C:\\Users\\joshu\\Desktop\\Fake News Detection Project !\\backend\\model.pkl",
  "total_samples": 60435,
  "train_samples": 48348,
  "test_samples": 12087,
  "label_distribution": {
    "general_news": 39650,
    "fact_check": 20785
  },
  "accuracy": 0.9529246297675188,
  "accuracy_percent": 95.29,
  "classification_report": {
    "General News": {
      "precision": 0.9504344633459797,
      "recall": 0.9793190416141235,
      "f1-score": 0.9646605800881933,
      "support": 7930.0
    },
    "Fact-Check": {
      "precision": 0.958120531154239,
      "recall": 0.9025739716141448,
      "f1-score": 0.9295181469094512,
      "support": 4157.0
    },
    "accuracy": 0.9529246297675188,
    "macro avg": {
      "precision": 0.9542774972501094,
      "recall": 0.9409465066141341,
      "f1-score": 0.9470893634988222,
      "support": 12087.0
    },
    "weighted avg": {
      "precision": 0.9530778805610813,
      "recall": 0.9529246297675188,
      "f1-score": 0.9525742811948342,
      "support": 12087.0
    }
  }
}